job_name,run_date,run_time,step_name,step_outcome,run_outcome,duration_seconds,message
FSA_Nightly_ETL,2025-04-21,03:40:00,FSA_Nightly_ETL_Step1,Succeeded,Succeeded,46,
FSA_Weekly_Warehouse_Refresh,2025-04-21,03:59:00,FSA_Weekly_Warehouse_Refresh_Step1,Succeeded,Succeeded,425,
FSA_Reconciliation_Check,2025-04-21,04:26:00,FSA_Reconciliation_Check_Step1,Disabled,Not Run,0,Step failed. See SQL Agent error log.
FSA_Audit_Log_Purge,2025-04-21,04:02:00,FSA_Audit_Log_Purge_Step1,Succeeded,Succeeded,134,
FSA_Index_Rebuild,2025-04-21,03:40:00,FSA_Index_Rebuild_Step1,Succeeded,Succeeded,344,
FSA_Nightly_ETL,2025-04-22,02:53:00,FSA_Nightly_ETL_Step1,Succeeded,Succeeded,534,
FSA_Weekly_Warehouse_Refresh,2025-04-22,05:39:00,FSA_Weekly_Warehouse_Refresh_Step1,Succeeded,Succeeded,621,
FSA_Reconciliation_Check,2025-04-22,04:56:00,FSA_Reconciliation_Check_Step1,Disabled,Not Run,0,Step failed. See SQL Agent error log.
FSA_Audit_Log_Purge,2025-04-22,01:51:00,FSA_Audit_Log_Purge_Step1,Succeeded,Succeeded,142,
FSA_Index_Rebuild,2025-04-22,05:26:00,FSA_Index_Rebuild_Step1,Succeeded,Succeeded,593,
FSA_Nightly_ETL,2025-04-23,04:54:00,FSA_Nightly_ETL_Step1,Succeeded,Succeeded,700,
FSA_Weekly_Warehouse_Refresh,2025-04-23,02:47:00,FSA_Weekly_Warehouse_Refresh_Step1,Succeeded,Succeeded,583,
FSA_Reconciliation_Check,2025-04-23,01:18:00,FSA_Reconciliation_Check_Step1,Disabled,Not Run,0,Step failed. See SQL Agent error log.
FSA_Audit_Log_Purge,2025-04-23,03:40:00,FSA_Audit_Log_Purge_Step1,Succeeded,Succeeded,317,
FSA_Index_Rebuild,2025-04-23,02:24:00,FSA_Index_Rebuild_Step1,Succeeded,Succeeded,176,
FSA_Nightly_ETL,2025-04-24,02:32:00,FSA_Nightly_ETL_Step1,Succeeded,Succeeded,726,
FSA_Weekly_Warehouse_Refresh,2025-04-24,01:32:00,FSA_Weekly_Warehouse_Refresh_Step1,Succeeded,Succeeded,401,
FSA_Reconciliation_Check,2025-04-24,05:11:00,FSA_Reconciliation_Check_Step1,Disabled,Not Run,0,Step failed. See SQL Agent error log.
FSA_Audit_Log_Purge,2025-04-24,03:49:00,FSA_Audit_Log_Purge_Step1,Succeeded,Succeeded,665,
FSA_Index_Rebuild,2025-04-24,03:25:00,FSA_Index_Rebuild_Step1,Succeeded,Succeeded,238,
FSA_Nightly_ETL,2025-04-25,05:58:00,FSA_Nightly_ETL_Step1,Succeeded,Succeeded,106,
FSA_Weekly_Warehouse_Refresh,2025-04-25,03:25:00,FSA_Weekly_Warehouse_Refresh_Step1,Succeeded,Succeeded,621,
FSA_Reconciliation_Check,2025-04-25,01:39:00,FSA_Reconciliation_Check_Step1,Disabled,Not Run,0,Step failed. See SQL Agent error log.
FSA_Audit_Log_Purge,2025-04-25,04:28:00,FSA_Audit_Log_Purge_Step1,Succeeded,Succeeded,722,
FSA_Index_Rebuild,2025-04-25,03:05:00,FSA_Index_Rebuild_Step1,Succeeded,Succeeded,26,
FSA_Nightly_ETL,2025-04-26,05:28:00,FSA_Nightly_ETL_Step1,Succeeded,Succeeded,760,
FSA_Weekly_Warehouse_Refresh,2025-04-26,02:06:00,FSA_Weekly_Warehouse_Refresh_Step1,Succeeded,Succeeded,130,
FSA_Reconciliation_Check,2025-04-26,02:06:00,FSA_Reconciliation_Check_Step1,Disabled,Not Run,0,Step failed. See SQL Agent error log.
FSA_Audit_Log_Purge,2025-04-26,01:18:00,FSA_Audit_Log_Purge_Step1,Succeeded,Succeeded,783,
FSA_Index_Rebuild,2025-04-26,03:12:00,FSA_Index_Rebuild_Step1,Succeeded,Succeeded,604,
FSA_Nightly_ETL,2025-04-27,00:27:00,FSA_Nightly_ETL_Step1,Succeeded,Succeeded,188,
FSA_Weekly_Warehouse_Refresh,2025-04-27,04:43:00,FSA_Weekly_Warehouse_Refresh_Step1,Succeeded,Succeeded,28,
FSA_Reconciliation_Check,2025-04-27,03:42:00,FSA_Reconciliation_Check_Step1,Disabled,Not Run,0,Step failed. See SQL Agent error log.
FSA_Audit_Log_Purge,2025-04-27,05:38:00,FSA_Audit_Log_Purge_Step1,Succeeded,Succeeded,787,
FSA_Index_Rebuild,2025-04-27,00:58:00,FSA_Index_Rebuild_Step1,Succeeded,Succeeded,636,
FSA_Nightly_ETL,2025-04-28,05:05:00,FSA_Nightly_ETL_Step1,Succeeded,Succeeded,595,
FSA_Weekly_Warehouse_Refresh,2025-04-28,00:08:00,FSA_Weekly_Warehouse_Refresh_Step1,Succeeded,Succeeded,716,
FSA_Reconciliation_Check,2025-04-28,03:59:00,FSA_Reconciliation_Check_Step1,Disabled,Not Run,0,Step failed. See SQL Agent error log.
FSA_Audit_Log_Purge,2025-04-28,01:23:00,FSA_Audit_Log_Purge_Step1,Succeeded,Succeeded,894,
FSA_Index_Rebuild,2025-04-28,02:37:00,FSA_Index_Rebuild_Step1,Succeeded,Succeeded,162,
FSA_Nightly_ETL,2025-04-29,03:57:00,FSA_Nightly_ETL_Step1,Succeeded,Succeeded,455,
FSA_Weekly_Warehouse_Refresh,2025-04-29,05:29:00,FSA_Weekly_Warehouse_Refresh_Step1,Succeeded,Succeeded,161,
FSA_Reconciliation_Check,2025-04-29,04:02:00,FSA_Reconciliation_Check_Step1,Disabled,Not Run,0,Step failed. See SQL Agent error log.
FSA_Audit_Log_Purge,2025-04-29,03:53:00,FSA_Audit_Log_Purge_Step1,Succeeded,Succeeded,608,
FSA_Index_Rebuild,2025-04-29,05:46:00,FSA_Index_Rebuild_Step1,Succeeded,Succeeded,245,
FSA_Nightly_ETL,2025-04-30,00:37:00,FSA_Nightly_ETL_Step1,Succeeded,Succeeded,401,
FSA_Weekly_Warehouse_Refresh,2025-04-30,04:29:00,FSA_Weekly_Warehouse_Refresh_Step1,Succeeded,Succeeded,562,
FSA_Reconciliation_Check,2025-04-30,02:53:00,FSA_Reconciliation_Check_Step1,Disabled,Not Run,0,Step failed. See SQL Agent error log.
FSA_Audit_Log_Purge,2025-04-30,04:24:00,FSA_Audit_Log_Purge_Step1,Succeeded,Succeeded,199,
FSA_Index_Rebuild,2025-04-30,00:15:00,FSA_Index_Rebuild_Step1,Succeeded,Succeeded,169,
FSA_Nightly_ETL,2025-05-01,02:46:00,FSA_Nightly_ETL_Step1,Succeeded,Succeeded,174,
FSA_Weekly_Warehouse_Refresh,2025-05-01,05:36:00,FSA_Weekly_Warehouse_Refresh_Step1,Succeeded,Succeeded,433,
FSA_Reconciliation_Check,2025-05-01,01:38:00,FSA_Reconciliation_Check_Step1,Succeeded,Succeeded,246,
FSA_Audit_Log_Purge,2025-05-01,05:20:00,FSA_Audit_Log_Purge_Step1,Succeeded,Succeeded,715,
FSA_Index_Rebuild,2025-05-01,05:37:00,FSA_Index_Rebuild_Step1,Succeeded,Succeeded,505,
FSA_Nightly_ETL,2025-05-02,01:46:00,FSA_Nightly_ETL_Step1,Succeeded,Succeeded,372,
FSA_Weekly_Warehouse_Refresh,2025-05-02,00:22:00,FSA_Weekly_Warehouse_Refresh_Step1,Succeeded,Succeeded,835,
FSA_Reconciliation_Check,2025-05-02,01:46:00,FSA_Reconciliation_Check_Step1,Succeeded,Succeeded,710,
FSA_Audit_Log_Purge,2025-05-02,02:45:00,FSA_Audit_Log_Purge_Step1,Succeeded,Succeeded,487,
FSA_Index_Rebuild,2025-05-02,05:27:00,FSA_Index_Rebuild_Step1,Succeeded,Succeeded,94,
FSA_Nightly_ETL,2025-05-03,04:11:00,FSA_Nightly_ETL_Step1,Succeeded,Succeeded,150,
FSA_Weekly_Warehouse_Refresh,2025-05-03,00:57:00,FSA_Weekly_Warehouse_Refresh_Step1,Succeeded,Succeeded,630,
FSA_Reconciliation_Check,2025-05-03,05:33:00,FSA_Reconciliation_Check_Step1,Succeeded,Succeeded,31,
FSA_Audit_Log_Purge,2025-05-03,01:38:00,FSA_Audit_Log_Purge_Step1,Succeeded,Succeeded,396,
FSA_Index_Rebuild,2025-05-03,00:50:00,FSA_Index_Rebuild_Step1,Succeeded,Succeeded,440,
FSA_Nightly_ETL,2025-05-04,02:41:00,FSA_Nightly_ETL_Step1,Succeeded,Succeeded,607,
FSA_Weekly_Warehouse_Refresh,2025-05-04,05:42:00,FSA_Weekly_Warehouse_Refresh_Step1,Succeeded,Succeeded,213,
FSA_Reconciliation_Check,2025-05-04,03:25:00,FSA_Reconciliation_Check_Step1,Succeeded,Succeeded,738,
FSA_Audit_Log_Purge,2025-05-04,00:28:00,FSA_Audit_Log_Purge_Step1,Succeeded,Succeeded,345,
FSA_Index_Rebuild,2025-05-04,05:14:00,FSA_Index_Rebuild_Step1,Succeeded,Succeeded,831,
FSA_Nightly_ETL,2025-05-05,02:00:00,FSA_Nightly_ETL_Step1,Succeeded,Succeeded,368,
FSA_Weekly_Warehouse_Refresh,2025-05-05,00:30:00,FSA_Weekly_Warehouse_Refresh_Step1,Succeeded,Succeeded,620,
FSA_Reconciliation_Check,2025-05-05,03:31:00,FSA_Reconciliation_Check_Step1,Failed,Failed,22,Step failed. See SQL Agent error log.
FSA_Audit_Log_Purge,2025-05-05,01:43:00,FSA_Audit_Log_Purge_Step1,Succeeded,Succeeded,123,
FSA_Index_Rebuild,2025-05-05,01:22:00,FSA_Index_Rebuild_Step1,Succeeded,Succeeded,795,
FSA_Nightly_ETL,2025-05-06,00:47:00,FSA_Nightly_ETL_Step1,Succeeded,Succeeded,672,
FSA_Weekly_Warehouse_Refresh,2025-05-06,05:58:00,FSA_Weekly_Warehouse_Refresh_Step1,Succeeded,Succeeded,284,
FSA_Reconciliation_Check,2025-05-06,01:01:00,FSA_Reconciliation_Check_Step1,Succeeded,Succeeded,252,
FSA_Audit_Log_Purge,2025-05-06,05:58:00,FSA_Audit_Log_Purge_Step1,Succeeded,Succeeded,328,
FSA_Index_Rebuild,2025-05-06,00:39:00,FSA_Index_Rebuild_Step1,Succeeded,Succeeded,535,
FSA_Nightly_ETL,2025-05-07,01:35:00,FSA_Nightly_ETL_Step1,Succeeded,Succeeded,244,
FSA_Weekly_Warehouse_Refresh,2025-05-07,04:00:00,FSA_Weekly_Warehouse_Refresh_Step1,Succeeded,Succeeded,291,
FSA_Reconciliation_Check,2025-05-07,05:12:00,FSA_Reconciliation_Check_Step1,Succeeded,Succeeded,89,
FSA_Audit_Log_Purge,2025-05-07,00:02:00,FSA_Audit_Log_Purge_Step1,Succeeded,Succeeded,123,
FSA_Index_Rebuild,2025-05-07,05:45:00,FSA_Index_Rebuild_Step1,Succeeded,Succeeded,54,
FSA_Nightly_ETL,2025-05-08,00:55:00,FSA_Nightly_ETL_Step1,Succeeded,Succeeded,35,
FSA_Weekly_Warehouse_Refresh,2025-05-08,04:08:00,FSA_Weekly_Warehouse_Refresh_Step1,Succeeded,Succeeded,512,
FSA_Reconciliation_Check,2025-05-08,00:12:00,FSA_Reconciliation_Check_Step1,Failed,Failed,54,Step failed. See SQL Agent error log.
FSA_Audit_Log_Purge,2025-05-08,04:16:00,FSA_Audit_Log_Purge_Step1,Succeeded,Succeeded,401,
FSA_Index_Rebuild,2025-05-08,04:42:00,FSA_Index_Rebuild_Step1,Succeeded,Succeeded,669,
FSA_Nightly_ETL,2025-05-09,05:35:00,FSA_Nightly_ETL_Step1,Succeeded,Succeeded,49,
FSA_Weekly_Warehouse_Refresh,2025-05-09,01:06:00,FSA_Weekly_Warehouse_Refresh_Step1,Succeeded,Succeeded,691,
FSA_Reconciliation_Check,2025-05-09,03:54:00,FSA_Reconciliation_Check_Step1,Succeeded,Succeeded,419,
FSA_Audit_Log_Purge,2025-05-09,02:18:00,FSA_Audit_Log_Purge_Step1,Succeeded,Succeeded,206,
FSA_Index_Rebuild,2025-05-09,02:28:00,FSA_Index_Rebuild_Step1,Succeeded,Succeeded,856,
FSA_Nightly_ETL,2025-05-10,05:27:00,FSA_Nightly_ETL_Step1,Succeeded,Succeeded,157,
FSA_Weekly_Warehouse_Refresh,2025-05-10,02:15:00,FSA_Weekly_Warehouse_Refresh_Step1,Succeeded,Succeeded,205,
FSA_Reconciliation_Check,2025-05-10,03:47:00,FSA_Reconciliation_Check_Step1,Succeeded,Succeeded,783,
FSA_Audit_Log_Purge,2025-05-10,03:02:00,FSA_Audit_Log_Purge_Step1,Succeeded,Succeeded,394,
FSA_Index_Rebuild,2025-05-10,03:51:00,FSA_Index_Rebuild_Step1,Succeeded,Succeeded,520,
FSA_Nightly_ETL,2025-05-11,01:02:00,FSA_Nightly_ETL_Step1,Succeeded,Succeeded,139,
FSA_Weekly_Warehouse_Refresh,2025-05-11,03:08:00,FSA_Weekly_Warehouse_Refresh_Step1,Succeeded,Succeeded,805,
FSA_Reconciliation_Check,2025-05-11,04:53:00,FSA_Reconciliation_Check_Step1,Succeeded,Succeeded,735,
FSA_Audit_Log_Purge,2025-05-11,01:20:00,FSA_Audit_Log_Purge_Step1,Succeeded,Succeeded,371,
FSA_Index_Rebuild,2025-05-11,04:00:00,FSA_Index_Rebuild_Step1,Succeeded,Succeeded,83,
FSA_Nightly_ETL,2025-05-12,02:03:00,FSA_Nightly_ETL_Step1,Succeeded,Succeeded,86,
FSA_Weekly_Warehouse_Refresh,2025-05-12,02:26:00,FSA_Weekly_Warehouse_Refresh_Step1,Succeeded,Succeeded,554,
FSA_Reconciliation_Check,2025-05-12,00:38:00,FSA_Reconciliation_Check_Step1,Succeeded,Succeeded,862,
FSA_Audit_Log_Purge,2025-05-12,01:30:00,FSA_Audit_Log_Purge_Step1,Succeeded,Succeeded,25,
FSA_Index_Rebuild,2025-05-12,05:10:00,FSA_Index_Rebuild_Step1,Succeeded,Succeeded,606,
FSA_Nightly_ETL,2025-05-13,03:18:00,FSA_Nightly_ETL_Step1,Succeeded,Succeeded,135,
FSA_Weekly_Warehouse_Refresh,2025-05-13,02:14:00,FSA_Weekly_Warehouse_Refresh_Step1,Succeeded,Succeeded,330,
FSA_Reconciliation_Check,2025-05-13,03:54:00,FSA_Reconciliation_Check_Step1,Succeeded,Succeeded,305,
FSA_Audit_Log_Purge,2025-05-13,00:03:00,FSA_Audit_Log_Purge_Step1,Succeeded,Succeeded,777,
FSA_Index_Rebuild,2025-05-13,05:19:00,FSA_Index_Rebuild_Step1,Succeeded,Succeeded,717,
FSA_Nightly_ETL,2025-05-14,00:20:00,FSA_Nightly_ETL_Step1,Succeeded,Succeeded,87,
FSA_Weekly_Warehouse_Refresh,2025-05-14,00:32:00,FSA_Weekly_Warehouse_Refresh_Step1,Succeeded,Succeeded,286,
FSA_Reconciliation_Check,2025-05-14,03:23:00,FSA_Reconciliation_Check_Step1,Succeeded,Succeeded,817,
FSA_Audit_Log_Purge,2025-05-14,02:07:00,FSA_Audit_Log_Purge_Step1,Succeeded,Succeeded,576,
FSA_Index_Rebuild,2025-05-14,03:40:00,FSA_Index_Rebuild_Step1,Succeeded,Succeeded,401,
FSA_Nightly_ETL,2025-05-15,00:36:00,FSA_Nightly_ETL_Step1,Succeeded,Succeeded,649,
FSA_Weekly_Warehouse_Refresh,2025-05-15,03:08:00,FSA_Weekly_Warehouse_Refresh_Step1,Succeeded,Succeeded,873,
FSA_Reconciliation_Check,2025-05-15,00:58:00,FSA_Reconciliation_Check_Step1,Succeeded,Succeeded,417,
FSA_Audit_Log_Purge,2025-05-15,04:27:00,FSA_Audit_Log_Purge_Step1,Succeeded,Succeeded,891,
FSA_Index_Rebuild,2025-05-15,05:45:00,FSA_Index_Rebuild_Step1,Succeeded,Succeeded,176,
FSA_Nightly_ETL,2025-05-16,00:51:00,FSA_Nightly_ETL_Step1,Succeeded,Succeeded,886,
FSA_Weekly_Warehouse_Refresh,2025-05-16,02:59:00,FSA_Weekly_Warehouse_Refresh_Step1,Succeeded,Succeeded,653,
FSA_Reconciliation_Check,2025-05-16,02:10:00,FSA_Reconciliation_Check_Step1,Succeeded,Succeeded,23,
FSA_Audit_Log_Purge,2025-05-16,04:59:00,FSA_Audit_Log_Purge_Step1,Failed,Failed,36,Step failed. See SQL Agent error log.
FSA_Index_Rebuild,2025-05-16,02:51:00,FSA_Index_Rebuild_Step1,Succeeded,Succeeded,513,
FSA_Nightly_ETL,2025-05-17,01:49:00,FSA_Nightly_ETL_Step1,Succeeded,Succeeded,96,
FSA_Weekly_Warehouse_Refresh,2025-05-17,02:37:00,FSA_Weekly_Warehouse_Refresh_Step1,Succeeded,Succeeded,740,
FSA_Reconciliation_Check,2025-05-17,05:37:00,FSA_Reconciliation_Check_Step1,Succeeded,Succeeded,196,
FSA_Audit_Log_Purge,2025-05-17,00:20:00,FSA_Audit_Log_Purge_Step1,Succeeded,Succeeded,777,
FSA_Index_Rebuild,2025-05-17,05:57:00,FSA_Index_Rebuild_Step1,Succeeded,Succeeded,244,
FSA_Nightly_ETL,2025-05-18,03:00:00,FSA_Nightly_ETL_Step1,Succeeded,Succeeded,774,
FSA_Weekly_Warehouse_Refresh,2025-05-18,00:24:00,FSA_Weekly_Warehouse_Refresh_Step1,Succeeded,Succeeded,256,
FSA_Reconciliation_Check,2025-05-18,02:34:00,FSA_Reconciliation_Check_Step1,Succeeded,Succeeded,596,
FSA_Audit_Log_Purge,2025-05-18,00:30:00,FSA_Audit_Log_Purge_Step1,Succeeded,Succeeded,601,
FSA_Index_Rebuild,2025-05-18,05:11:00,FSA_Index_Rebuild_Step1,Succeeded,Succeeded,727,
FSA_Nightly_ETL,2025-05-19,03:56:00,FSA_Nightly_ETL_Step1,Failed,Failed,78,Step failed. See SQL Agent error log.
FSA_Weekly_Warehouse_Refresh,2025-05-19,03:08:00,FSA_Weekly_Warehouse_Refresh_Step1,Succeeded,Succeeded,235,
FSA_Reconciliation_Check,2025-05-19,02:13:00,FSA_Reconciliation_Check_Step1,Succeeded,Succeeded,58,
FSA_Audit_Log_Purge,2025-05-19,04:23:00,FSA_Audit_Log_Purge_Step1,Succeeded,Succeeded,109,
FSA_Index_Rebuild,2025-05-19,04:04:00,FSA_Index_Rebuild_Step1,Succeeded,Succeeded,38,
FSA_Nightly_ETL,2025-05-20,00:26:00,FSA_Nightly_ETL_Step1,Succeeded,Succeeded,715,
FSA_Weekly_Warehouse_Refresh,2025-05-20,01:51:00,FSA_Weekly_Warehouse_Refresh_Step1,Succeeded,Succeeded,230,
FSA_Reconciliation_Check,2025-05-20,00:15:00,FSA_Reconciliation_Check_Step1,Succeeded,Succeeded,76,
FSA_Audit_Log_Purge,2025-05-20,05:17:00,FSA_Audit_Log_Purge_Step1,Failed,Failed,27,Step failed. See SQL Agent error log.
FSA_Index_Rebuild,2025-05-20,01:13:00,FSA_Index_Rebuild_Step1,Succeeded,Succeeded,586,
FSA_Nightly_ETL,2025-05-21,00:20:00,FSA_Nightly_ETL_Step1,Succeeded,Succeeded,806,
FSA_Weekly_Warehouse_Refresh,2025-05-21,04:33:00,FSA_Weekly_Warehouse_Refresh_Step1,Failed,Failed,68,Step failed. See SQL Agent error log.
FSA_Reconciliation_Check,2025-05-21,04:52:00,FSA_Reconciliation_Check_Step1,Succeeded,Succeeded,377,
FSA_Audit_Log_Purge,2025-05-21,02:13:00,FSA_Audit_Log_Purge_Step1,Failed,Failed,93,Step failed. See SQL Agent error log.
FSA_Index_Rebuild,2025-05-21,05:00:00,FSA_Index_Rebuild_Step1,Succeeded,Succeeded,844,
FSA_Nightly_ETL,2025-05-22,03:00:00,FSA_Nightly_ETL_Step1,Succeeded,Succeeded,828,
FSA_Weekly_Warehouse_Refresh,2025-05-22,04:32:00,FSA_Weekly_Warehouse_Refresh_Step1,Succeeded,Succeeded,757,
FSA_Reconciliation_Check,2025-05-22,04:46:00,FSA_Reconciliation_Check_Step1,Succeeded,Succeeded,796,
FSA_Audit_Log_Purge,2025-05-22,01:12:00,FSA_Audit_Log_Purge_Step1,Succeeded,Succeeded,110,
FSA_Index_Rebuild,2025-05-22,04:33:00,FSA_Index_Rebuild_Step1,Succeeded,Succeeded,593,
FSA_Nightly_ETL,2025-05-23,04:44:00,FSA_Nightly_ETL_Step1,Succeeded,Succeeded,879,
FSA_Weekly_Warehouse_Refresh,2025-05-23,05:59:00,FSA_Weekly_Warehouse_Refresh_Step1,Succeeded,Succeeded,285,
FSA_Reconciliation_Check,2025-05-23,01:55:00,FSA_Reconciliation_Check_Step1,Succeeded,Succeeded,304,
FSA_Audit_Log_Purge,2025-05-23,05:35:00,FSA_Audit_Log_Purge_Step1,Succeeded,Succeeded,833,
FSA_Index_Rebuild,2025-05-23,01:56:00,FSA_Index_Rebuild_Step1,Succeeded,Succeeded,259,
FSA_Nightly_ETL,2025-05-24,01:28:00,FSA_Nightly_ETL_Step1,Succeeded,Succeeded,606,
FSA_Weekly_Warehouse_Refresh,2025-05-24,02:12:00,FSA_Weekly_Warehouse_Refresh_Step1,Succeeded,Succeeded,593,
FSA_Reconciliation_Check,2025-05-24,02:36:00,FSA_Reconciliation_Check_Step1,Succeeded,Succeeded,821,
FSA_Audit_Log_Purge,2025-05-24,01:14:00,FSA_Audit_Log_Purge_Step1,Succeeded,Succeeded,54,
FSA_Index_Rebuild,2025-05-24,03:17:00,FSA_Index_Rebuild_Step1,Succeeded,Succeeded,689,
FSA_Nightly_ETL,2025-05-25,05:46:00,FSA_Nightly_ETL_Step1,Succeeded,Succeeded,773,
FSA_Weekly_Warehouse_Refresh,2025-05-25,02:39:00,FSA_Weekly_Warehouse_Refresh_Step1,Succeeded,Succeeded,162,
FSA_Reconciliation_Check,2025-05-25,04:04:00,FSA_Reconciliation_Check_Step1,Succeeded,Succeeded,198,
FSA_Audit_Log_Purge,2025-05-25,02:03:00,FSA_Audit_Log_Purge_Step1,Succeeded,Succeeded,587,
FSA_Index_Rebuild,2025-05-25,04:28:00,FSA_Index_Rebuild_Step1,Succeeded,Succeeded,469,
FSA_Nightly_ETL,2025-05-26,04:29:00,FSA_Nightly_ETL_Step1,Succeeded,Succeeded,635,
FSA_Weekly_Warehouse_Refresh,2025-05-26,01:45:00,FSA_Weekly_Warehouse_Refresh_Step1,Succeeded,Succeeded,887,
FSA_Reconciliation_Check,2025-05-26,00:35:00,FSA_Reconciliation_Check_Step1,Succeeded,Succeeded,891,
FSA_Audit_Log_Purge,2025-05-26,00:19:00,FSA_Audit_Log_Purge_Step1,Succeeded,Succeeded,466,
FSA_Index_Rebuild,2025-05-26,03:14:00,FSA_Index_Rebuild_Step1,Succeeded,Succeeded,563,
FSA_Nightly_ETL,2025-05-27,05:07:00,FSA_Nightly_ETL_Step1,Succeeded,Succeeded,747,
FSA_Weekly_Warehouse_Refresh,2025-05-27,04:36:00,FSA_Weekly_Warehouse_Refresh_Step1,Succeeded,Succeeded,64,
FSA_Reconciliation_Check,2025-05-27,02:29:00,FSA_Reconciliation_Check_Step1,Succeeded,Succeeded,434,
FSA_Audit_Log_Purge,2025-05-27,05:49:00,FSA_Audit_Log_Purge_Step1,Succeeded,Succeeded,23,
FSA_Index_Rebuild,2025-05-27,04:20:00,FSA_Index_Rebuild_Step1,Succeeded,Succeeded,660,
FSA_Nightly_ETL,2025-05-28,01:36:00,FSA_Nightly_ETL_Step1,Succeeded,Succeeded,796,
FSA_Weekly_Warehouse_Refresh,2025-05-28,00:46:00,FSA_Weekly_Warehouse_Refresh_Step1,Succeeded,Succeeded,458,
FSA_Reconciliation_Check,2025-05-28,03:28:00,FSA_Reconciliation_Check_Step1,Succeeded,Succeeded,615,
FSA_Audit_Log_Purge,2025-05-28,01:59:00,FSA_Audit_Log_Purge_Step1,Succeeded,Succeeded,575,
FSA_Index_Rebuild,2025-05-28,05:13:00,FSA_Index_Rebuild_Step1,Succeeded,Succeeded,893,
FSA_Nightly_ETL,2025-05-29,01:46:00,FSA_Nightly_ETL_Step1,Succeeded,Succeeded,472,
FSA_Weekly_Warehouse_Refresh,2025-05-29,01:19:00,FSA_Weekly_Warehouse_Refresh_Step1,Succeeded,Succeeded,645,
FSA_Reconciliation_Check,2025-05-29,01:49:00,FSA_Reconciliation_Check_Step1,Succeeded,Succeeded,120,
FSA_Audit_Log_Purge,2025-05-29,04:17:00,FSA_Audit_Log_Purge_Step1,Succeeded,Succeeded,819,
FSA_Index_Rebuild,2025-05-29,05:47:00,FSA_Index_Rebuild_Step1,Failed,Failed,1,Step failed. See SQL Agent error log.
FSA_Nightly_ETL,2025-05-30,05:28:00,FSA_Nightly_ETL_Step1,Succeeded,Succeeded,708,
FSA_Weekly_Warehouse_Refresh,2025-05-30,05:00:00,FSA_Weekly_Warehouse_Refresh_Step1,Succeeded,Succeeded,107,
FSA_Reconciliation_Check,2025-05-30,00:47:00,FSA_Reconciliation_Check_Step1,Succeeded,Succeeded,458,
FSA_Audit_Log_Purge,2025-05-30,05:09:00,FSA_Audit_Log_Purge_Step1,Succeeded,Succeeded,717,
FSA_Index_Rebuild,2025-05-30,05:48:00,FSA_Index_Rebuild_Step1,Succeeded,Succeeded,580,
FSA_Nightly_ETL,2025-05-31,03:12:00,FSA_Nightly_ETL_Step1,Succeeded,Succeeded,209,
FSA_Weekly_Warehouse_Refresh,2025-05-31,04:36:00,FSA_Weekly_Warehouse_Refresh_Step1,Succeeded,Succeeded,472,
FSA_Reconciliation_Check,2025-05-31,04:28:00,FSA_Reconciliation_Check_Step1,Succeeded,Succeeded,293,
FSA_Audit_Log_Purge,2025-05-31,05:24:00,FSA_Audit_Log_Purge_Step1,Succeeded,Succeeded,707,
FSA_Index_Rebuild,2025-05-31,03:30:00,FSA_Index_Rebuild_Step1,Succeeded,Succeeded,394,
FSA_Nightly_ETL,2025-06-01,03:22:00,FSA_Nightly_ETL_Step1,Succeeded,Succeeded,446,
FSA_Weekly_Warehouse_Refresh,2025-06-01,02:46:00,FSA_Weekly_Warehouse_Refresh_Step1,Succeeded,Succeeded,409,
FSA_Reconciliation_Check,2025-06-01,05:35:00,FSA_Reconciliation_Check_Step1,Succeeded,Succeeded,790,
FSA_Audit_Log_Purge,2025-06-01,01:30:00,FSA_Audit_Log_Purge_Step1,Failed,Failed,70,Step failed. See SQL Agent error log.
FSA_Index_Rebuild,2025-06-01,00:09:00,FSA_Index_Rebuild_Step1,Succeeded,Succeeded,598,
FSA_Nightly_ETL,2025-06-02,04:55:00,FSA_Nightly_ETL_Step1,Failed,Failed,10,Step failed. See SQL Agent error log.
FSA_Weekly_Warehouse_Refresh,2025-06-02,03:15:00,FSA_Weekly_Warehouse_Refresh_Step1,Succeeded,Succeeded,208,
FSA_Reconciliation_Check,2025-06-02,00:28:00,FSA_Reconciliation_Check_Step1,Succeeded,Succeeded,507,
FSA_Audit_Log_Purge,2025-06-02,02:52:00,FSA_Audit_Log_Purge_Step1,Succeeded,Succeeded,341,
FSA_Index_Rebuild,2025-06-02,01:06:00,FSA_Index_Rebuild_Step1,Succeeded,Succeeded,206,
FSA_Nightly_ETL,2025-06-03,02:11:00,FSA_Nightly_ETL_Step1,Succeeded,Succeeded,274,
FSA_Weekly_Warehouse_Refresh,2025-06-03,01:01:00,FSA_Weekly_Warehouse_Refresh_Step1,Succeeded,Succeeded,482,
FSA_Reconciliation_Check,2025-06-03,00:56:00,FSA_Reconciliation_Check_Step1,Succeeded,Succeeded,390,
FSA_Audit_Log_Purge,2025-06-03,02:51:00,FSA_Audit_Log_Purge_Step1,Succeeded,Succeeded,530,
FSA_Index_Rebuild,2025-06-03,05:48:00,FSA_Index_Rebuild_Step1,Succeeded,Succeeded,620,
FSA_Nightly_ETL,2025-06-04,04:12:00,FSA_Nightly_ETL_Step1,Succeeded,Succeeded,464,
FSA_Weekly_Warehouse_Refresh,2025-06-04,01:45:00,FSA_Weekly_Warehouse_Refresh_Step1,Succeeded,Succeeded,124,
FSA_Reconciliation_Check,2025-06-04,05:37:00,FSA_Reconciliation_Check_Step1,Succeeded,Succeeded,107,
FSA_Audit_Log_Purge,2025-06-04,05:52:00,FSA_Audit_Log_Purge_Step1,Succeeded,Succeeded,876,
FSA_Index_Rebuild,2025-06-04,05:43:00,FSA_Index_Rebuild_Step1,Succeeded,Succeeded,558,
FSA_Nightly_ETL,2025-06-05,01:15:00,FSA_Nightly_ETL_Step1,Succeeded,Succeeded,728,
FSA_Weekly_Warehouse_Refresh,2025-06-05,00:40:00,FSA_Weekly_Warehouse_Refresh_Step1,Succeeded,Succeeded,669,
FSA_Reconciliation_Check,2025-06-05,03:50:00,FSA_Reconciliation_Check_Step1,Succeeded,Succeeded,487,
FSA_Audit_Log_Purge,2025-06-05,04:24:00,FSA_Audit_Log_Purge_Step1,Succeeded,Succeeded,582,
FSA_Index_Rebuild,2025-06-05,04:27:00,FSA_Index_Rebuild_Step1,Succeeded,Succeeded,252,
FSA_Nightly_ETL,2025-06-06,00:02:00,FSA_Nightly_ETL_Step1,Succeeded,Succeeded,782,
FSA_Weekly_Warehouse_Refresh,2025-06-06,05:21:00,FSA_Weekly_Warehouse_Refresh_Step1,Succeeded,Succeeded,74,
FSA_Reconciliation_Check,2025-06-06,02:57:00,FSA_Reconciliation_Check_Step1,Succeeded,Succeeded,61,
FSA_Audit_Log_Purge,2025-06-06,04:42:00,FSA_Audit_Log_Purge_Step1,Succeeded,Succeeded,277,
FSA_Index_Rebuild,2025-06-06,02:41:00,FSA_Index_Rebuild_Step1,Succeeded,Succeeded,269,
FSA_Nightly_ETL,2025-06-07,01:47:00,FSA_Nightly_ETL_Step1,Succeeded,Succeeded,790,
FSA_Weekly_Warehouse_Refresh,2025-06-07,01:45:00,FSA_Weekly_Warehouse_Refresh_Step1,Succeeded,Succeeded,868,
FSA_Reconciliation_Check,2025-06-07,05:46:00,FSA_Reconciliation_Check_Step1,Succeeded,Succeeded,412,
FSA_Audit_Log_Purge,2025-06-07,01:22:00,FSA_Audit_Log_Purge_Step1,Succeeded,Succeeded,821,
FSA_Index_Rebuild,2025-06-07,01:11:00,FSA_Index_Rebuild_Step1,Succeeded,Succeeded,155,
FSA_Nightly_ETL,2025-06-08,01:35:00,FSA_Nightly_ETL_Step1,Succeeded,Succeeded,441,
FSA_Weekly_Warehouse_Refresh,2025-06-08,03:22:00,FSA_Weekly_Warehouse_Refresh_Step1,Succeeded,Succeeded,589,
FSA_Reconciliation_Check,2025-06-08,04:23:00,FSA_Reconciliation_Check_Step1,Succeeded,Succeeded,278,
FSA_Audit_Log_Purge,2025-06-08,03:04:00,FSA_Audit_Log_Purge_Step1,Succeeded,Succeeded,399,
FSA_Index_Rebuild,2025-06-08,03:32:00,FSA_Index_Rebuild_Step1,Succeeded,Succeeded,271,
FSA_Nightly_ETL,2025-06-09,05:14:00,FSA_Nightly_ETL_Step1,Failed,Failed,52,Step failed. See SQL Agent error log.
FSA_Weekly_Warehouse_Refresh,2025-06-09,02:04:00,FSA_Weekly_Warehouse_Refresh_Step1,Succeeded,Succeeded,682,
FSA_Reconciliation_Check,2025-06-09,03:10:00,FSA_Reconciliation_Check_Step1,Succeeded,Succeeded,34,
FSA_Audit_Log_Purge,2025-06-09,00:42:00,FSA_Audit_Log_Purge_Step1,Succeeded,Succeeded,440,
FSA_Index_Rebuild,2025-06-09,01:53:00,FSA_Index_Rebuild_Step1,Succeeded,Succeeded,691,
FSA_Nightly_ETL,2025-06-10,03:52:00,FSA_Nightly_ETL_Step1,Succeeded,Succeeded,789,
FSA_Weekly_Warehouse_Refresh,2025-06-10,05:10:00,FSA_Weekly_Warehouse_Refresh_Step1,Succeeded,Succeeded,127,
FSA_Reconciliation_Check,2025-06-10,00:03:00,FSA_Reconciliation_Check_Step1,Succeeded,Succeeded,531,
FSA_Audit_Log_Purge,2025-06-10,02:07:00,FSA_Audit_Log_Purge_Step1,Succeeded,Succeeded,816,
FSA_Index_Rebuild,2025-06-10,00:42:00,FSA_Index_Rebuild_Step1,Succeeded,Succeeded,548,
FSA_Nightly_ETL,2025-06-11,02:35:00,FSA_Nightly_ETL_Step1,Succeeded,Succeeded,815,
FSA_Weekly_Warehouse_Refresh,2025-06-11,03:08:00,FSA_Weekly_Warehouse_Refresh_Step1,Succeeded,Succeeded,640,
FSA_Reconciliation_Check,2025-06-11,04:25:00,FSA_Reconciliation_Check_Step1,Succeeded,Succeeded,846,
FSA_Audit_Log_Purge,2025-06-11,00:34:00,FSA_Audit_Log_Purge_Step1,Succeeded,Succeeded,473,
FSA_Index_Rebuild,2025-06-11,05:32:00,FSA_Index_Rebuild_Step1,Succeeded,Succeeded,42,
FSA_Nightly_ETL,2025-06-12,00:12:00,FSA_Nightly_ETL_Step1,Succeeded,Succeeded,788,
FSA_Weekly_Warehouse_Refresh,2025-06-12,00:19:00,FSA_Weekly_Warehouse_Refresh_Step1,Succeeded,Succeeded,748,
FSA_Reconciliation_Check,2025-06-12,00:53:00,FSA_Reconciliation_Check_Step1,Succeeded,Succeeded,108,
FSA_Audit_Log_Purge,2025-06-12,02:10:00,FSA_Audit_Log_Purge_Step1,Succeeded,Succeeded,838,
FSA_Index_Rebuild,2025-06-12,01:13:00,FSA_Index_Rebuild_Step1,Succeeded,Succeeded,726,
FSA_Nightly_ETL,2025-06-13,05:58:00,FSA_Nightly_ETL_Step1,Succeeded,Succeeded,295,
FSA_Weekly_Warehouse_Refresh,2025-06-13,02:20:00,FSA_Weekly_Warehouse_Refresh_Step1,Succeeded,Succeeded,353,
FSA_Reconciliation_Check,2025-06-13,00:30:00,FSA_Reconciliation_Check_Step1,Succeeded,Succeeded,282,
FSA_Audit_Log_Purge,2025-06-13,00:11:00,FSA_Audit_Log_Purge_Step1,Succeeded,Succeeded,143,
FSA_Index_Rebuild,2025-06-13,01:34:00,FSA_Index_Rebuild_Step1,Succeeded,Succeeded,112,
FSA_Nightly_ETL,2025-06-14,04:14:00,FSA_Nightly_ETL_Step1,Succeeded,Succeeded,399,
FSA_Weekly_Warehouse_Refresh,2025-06-14,05:29:00,FSA_Weekly_Warehouse_Refresh_Step1,Succeeded,Succeeded,329,
FSA_Reconciliation_Check,2025-06-14,02:53:00,FSA_Reconciliation_Check_Step1,Succeeded,Succeeded,810,
FSA_Audit_Log_Purge,2025-06-14,01:49:00,FSA_Audit_Log_Purge_Step1,Succeeded,Succeeded,403,
FSA_Index_Rebuild,2025-06-14,01:55:00,FSA_Index_Rebuild_Step1,Succeeded,Succeeded,215,
FSA_Nightly_ETL,2025-06-15,01:12:00,FSA_Nightly_ETL_Step1,Failed,Failed,114,Step failed. See SQL Agent error log.
FSA_Weekly_Warehouse_Refresh,2025-06-15,03:58:00,FSA_Weekly_Warehouse_Refresh_Step1,Succeeded,Succeeded,505,
FSA_Reconciliation_Check,2025-06-15,02:16:00,FSA_Reconciliation_Check_Step1,Succeeded,Succeeded,698,
FSA_Audit_Log_Purge,2025-06-15,05:42:00,FSA_Audit_Log_Purge_Step1,Succeeded,Succeeded,793,
FSA_Index_Rebuild,2025-06-15,03:28:00,FSA_Index_Rebuild_Step1,Succeeded,Succeeded,669,
FSA_Nightly_ETL,2025-06-16,04:04:00,FSA_Nightly_ETL_Step1,Succeeded,Succeeded,748,
FSA_Weekly_Warehouse_Refresh,2025-06-16,05:32:00,FSA_Weekly_Warehouse_Refresh_Step1,Succeeded,Succeeded,846,
FSA_Reconciliation_Check,2025-06-16,01:32:00,FSA_Reconciliation_Check_Step1,Succeeded,Succeeded,761,
FSA_Audit_Log_Purge,2025-06-16,00:50:00,FSA_Audit_Log_Purge_Step1,Succeeded,Succeeded,762,
FSA_Index_Rebuild,2025-06-16,05:35:00,FSA_Index_Rebuild_Step1,Succeeded,Succeeded,638,
FSA_Nightly_ETL,2025-06-17,00:50:00,FSA_Nightly_ETL_Step1,Succeeded,Succeeded,671,
FSA_Weekly_Warehouse_Refresh,2025-06-17,03:36:00,FSA_Weekly_Warehouse_Refresh_Step1,Succeeded,Succeeded,809,
FSA_Reconciliation_Check,2025-06-17,03:32:00,FSA_Reconciliation_Check_Step1,Succeeded,Succeeded,841,
FSA_Audit_Log_Purge,2025-06-17,00:24:00,FSA_Audit_Log_Purge_Step1,Succeeded,Succeeded,141,
FSA_Index_Rebuild,2025-06-17,00:28:00,FSA_Index_Rebuild_Step1,Succeeded,Succeeded,823,
FSA_Nightly_ETL,2025-06-18,03:31:00,FSA_Nightly_ETL_Step1,Succeeded,Succeeded,274,
FSA_Weekly_Warehouse_Refresh,2025-06-18,03:52:00,FSA_Weekly_Warehouse_Refresh_Step1,Failed,Failed,49,Step failed. See SQL Agent error log.
FSA_Reconciliation_Check,2025-06-18,02:35:00,FSA_Reconciliation_Check_Step1,Succeeded,Succeeded,318,
FSA_Audit_Log_Purge,2025-06-18,01:19:00,FSA_Audit_Log_Purge_Step1,Succeeded,Succeeded,165,
FSA_Index_Rebuild,2025-06-18,00:08:00,FSA_Index_Rebuild_Step1,Succeeded,Succeeded,467,
FSA_Nightly_ETL,2025-06-19,04:14:00,FSA_Nightly_ETL_Step1,Succeeded,Succeeded,804,
FSA_Weekly_Warehouse_Refresh,2025-06-19,04:56:00,FSA_Weekly_Warehouse_Refresh_Step1,Succeeded,Succeeded,229,
FSA_Reconciliation_Check,2025-06-19,03:18:00,FSA_Reconciliation_Check_Step1,Succeeded,Succeeded,356,
FSA_Audit_Log_Purge,2025-06-19,04:57:00,FSA_Audit_Log_Purge_Step1,Succeeded,Succeeded,471,
FSA_Index_Rebuild,2025-06-19,04:21:00,FSA_Index_Rebuild_Step1,Failed,Failed,26,Step failed. See SQL Agent error log.
FSA_Nightly_ETL,2025-06-20,05:38:00,FSA_Nightly_ETL_Step1,Succeeded,Succeeded,726,
FSA_Weekly_Warehouse_Refresh,2025-06-20,05:49:00,FSA_Weekly_Warehouse_Refresh_Step1,Succeeded,Succeeded,254,
FSA_Reconciliation_Check,2025-06-20,00:29:00,FSA_Reconciliation_Check_Step1,Succeeded,Succeeded,642,
FSA_Audit_Log_Purge,2025-06-20,00:05:00,FSA_Audit_Log_Purge_Step1,Succeeded,Succeeded,637,
FSA_Index_Rebuild,2025-06-20,02:46:00,FSA_Index_Rebuild_Step1,Succeeded,Succeeded,301,
FSA_Nightly_ETL,2025-06-21,02:15:00,FSA_Nightly_ETL_Step1,Failed,Failed,59,Step failed. See SQL Agent error log.
FSA_Weekly_Warehouse_Refresh,2025-06-21,04:50:00,FSA_Weekly_Warehouse_Refresh_Step1,Succeeded,Succeeded,363,
FSA_Reconciliation_Check,2025-06-21,03:49:00,FSA_Reconciliation_Check_Step1,Succeeded,Succeeded,241,
FSA_Audit_Log_Purge,2025-06-21,01:01:00,FSA_Audit_Log_Purge_Step1,Succeeded,Succeeded,653,
FSA_Index_Rebuild,2025-06-21,01:57:00,FSA_Index_Rebuild_Step1,Succeeded,Succeeded,458,
FSA_Nightly_ETL,2025-06-22,03:15:00,FSA_Nightly_ETL_Step1,Succeeded,Succeeded,331,
FSA_Weekly_Warehouse_Refresh,2025-06-22,03:30:00,FSA_Weekly_Warehouse_Refresh_Step1,Succeeded,Succeeded,712,
